about,0
absolutely,1
account,2
addicted,3
admit,4
affected,5
after,6
again,7
ago,8
ah,9
ahem,10
ahisme,11
aid,12
ain,13
air,14
airport,15
ako,16
alexknight,17
alicia,18
alizegel,19
all,20
allowance,21
alone,22
already,23
also,24
always,25
am,26
amazing,27
america,28
amo,29
ampel,30
amwriting,31
amypookers,32
an,33
and,34
andrea,35
angry,36
another,37
answer,38
any,39
anymore,40
anything,41
aparsedthreedigitsr,42
apod,43
app,44
are,45
aren,46
argh,47
around,48
arrghh,49
arrivals,50
arrived,51
as,52
ashamed,53
ashbashparsedfourdigits,54
asher_ashy,55
ask,56
asleep,57
assumed,58
at,59
atlantic,60
atlanticgolf,61
att,62
aubreyoday,63
august,64
avaaz,65
away,66
awesome,67
awesomeee,68
aww,69
awww,70
awwwww,71
babies,72
baby,73
back,74
bad,75
badmood,76
bahahaha,77
balcony,78
band,79
bank,80
banned,81
baq,82
bar,83
baseball,84
bass,85
bat,86
bathroom,87
battery,88
bbparsedtwodigits,89
bbq,90
bbygirl_wy,91
bcause,92
bcceq,93
be,94
beach,95
bear,96
bearly,97
beatrice,98
beautiful,99
beautifull,100
bebo,101
because,102
bed,103
been,104
begins,105
being,106
believe,107
benares,108
best,109
better,110
bettis,111
between,112
bf,113
bffffff,114
big,115
bigger,116
biked,117
billy,118
birthday,119
bit,120
blender,121
bless,122
blog,123
blue,124
bluetree,125
blueturnsred,126
boa,127
board,128
bobby_doreparsedtwodigits,129
bom,130
book,131
booked,132
books,133
born,134
both,135
bought,136
bout,137
boyfriend,138
bpp,139
bras,140
brazil,141
break,142
breath,143
bree,144
briefly,145
bringsdogtowork,146
british,147
britney,148
bro,149
brookeadamstbgparsedonedigit,150
brooklyn,151
brother,152
bt,153
buckley,154
budget,155
buffalo,156
bull,157
bums,158
bus,159
busy,160
but,161
butt,162
butter,163
buttercupd,164
bwahahaha,165
by,166
cake,167
calevans,168
call,169
can,170
cancel,171
cancelled,172
cancun,173
cannot,174
cant,175
car,176
card,177
carolinamnz,178
carolyn,179
caroons,180
case,181
cast,182
cat,183
cathrynmarie,184
cause,185
cedar,186
celeb,187
celebrate,188
cell,189
ceremony,190
ceruleandepths,191
ch,192
chadwickhjones,193
chair,194
chance,195
change,196
changing,197
channel,198
chariberri,199
charming,200
chasing,201
cheesecake,202
chicken,203
child,204
children,205
chilling,206
chloe,207
chocolate,208
chosen,209
christmas,210
chubby,211
chug,212
church,213
cinderella,214
city,215
ckparsedonedigitei,216
class,217
classy,218
clean,219
clear,220
clone,221
closed,222
closet,223
co,224
cockpit,225
code,226
coffee,227
cold,228
color,229
com,230
come,231
comeback,232
comes,233
comfortably,234
coming,235
comment,236
common,237
communicate,238
community,239
commute,240
concentrate,241
congrats,242
connected,243
conservatives,244
considering,245
construction,246
cook,247
cool,248
cools,249
cooool,250
corgreen,251
costume,252
could,253
courtneyparsedthreedigits,254
cparsedonedigitjparsedtwodigits,255
cpjparsedonedigit,256
crazy,257
cream,258
creative,259
creepy,260
crisp,261
crossed,262
crowd,263
cry,264
crying,265
cuddle,266
currently,267
cute,268
cuwarrior,269
da,270
daaay,271
dad,272
damn,273
daniel,274
danny,275
daparsedtwodigits,276
dark,277
darker,278
dave_nicholson,279
daveellisparsedfourdigits,280
day,281
days,282
dc,283
ddlovato,284
death,285
debbie,286
debbiefletcher,287
deepndistant,288
definitely,289
dem,290
den,291
dentist,292
departures,293
depressing,294
desert,295
detailing,296
dey,297
dia,298
did,299
didn,300
didnt,301
died,302
diet,303
dilemma,304
dinner,305
dirtinmyi,306
disorder,307
display,308
dnt,309
do,310
does,311
doesn,312
doing,313
don,314
done,315
dongwayne,316
dont,317
door,318
dorry,319
down,320
dparsedfourdigits,321
drairrick,322
draw,323
dreaamara,324
drinking,325
driver,326
driving,327
dropbox,328
dropped,329
drown,330
drunk,331
dt,332
dude,333
during,334
dydiw,335
dyee,336
dying,337
each,338
eagles,339
earlier,340
earparsedtwodigits,341
eat,342
edits,343
either,344
else,345
emailed,346
emmalbishop,347
emotional,348
end,349
endless,350
energy,351
england,352
enjoy,353
enjoyed,354
enjoying,355
enough,356
entered,357
erm,358
erynmichael,359
esp,360
essteeyou,361
etc,362
eu,363
evacuees,364
even,365
ever,366
every,367
everybody,368
everyone,369
everything,370
excel,371
excited,372
exhibit,373
expect,374
experienced,375
expert,376
extremely,377
eye,378
eyepatch,379
facebook,380
faceplants,381
facility,382
fact,383
fair,384
fam,385
family,386
famous,387
fan,388
fans,389
fantastic,390
fanyjjang,391
far,392
faraday,393
fast,394
favorite,395
favorr,396
february,397
feel,398
feeling,399
felt,400
few,401
film,402
films,403
final,404
financial,405
find,406
fine,407
fingers,408
finished,409
first,410
fishies,411
five,412
fiveparsedtwodigitsdesign,413
flickr,414
flora,415
florateyu,416
flu,417
fml,418
folder,419
followers,420
food,421
for,422
foreign,423
forget,424
forreal,425
forth,426
forward,427
found,428
fparsedonedigitaparseddigitsyh,429
fr,430
freezing,431
frekin,432
fresh,433
friday,434
fried,435
friends,436
friggin,437
from,438
ft,439
fuck,440
fuckers,441
fucking,442
fuckyeahhappy,443
full,444
fun,445
funkyheff,446
funny,447
funy,448
gabor,449
game,450
games,451
gargle,452
gay,453
ge,454
gems,455
germany,456
get,457
gets,458
getting,459
gettting,460
gift,461
giparsedonedigitin,462
girl,463
giv,464
give,465
glad,466
glee,467
go,468
goal,469
god,470
goes,471
going,472
golf,473
gon,474
gone,475
gonna,476
good,477
gop,478
gosh,479
gossip,480
got,481
gotta,482
grab,483
gramercy,484
grammar,485
grandma,486
great,487
greet,488
greetings,489
groupparsedonedigitcrew,490
growing,491
grr,492
grub,493
guess,494
guidoparsedtwodigits,495
guilty,496
guitar,497
guy,498
guys,499
ha,500
had,501
haha,502
hahah,503
hahaha,504
hahahaha,505
hain,506
hair,507
hairbrush,508
halloween,509
hamburg,510
hands,511
hanging,512
hannah,513
happen,514
happy,515
happyhwife,516
happyprettyyou,517
happyslip,518
hard,519
hardcorelomeli,520
harr,521
harry,522
has,523
hat,524
hate,525
hates,526
havana,527
have,528
haven,529
havocparsedfourdigits,530
haz,531
he,532
head,533
headache,534
hear,535
heard,536
heart,537
heartbreaking,538
heck,539
hehe,540
hello,541
help,542
helpless,543
her,544
here,545
hey,546
hi,547
higgins,548
hightlight,549
him,550
his,551
hmm,552
hmmm,553
holds,554
holidays,555
holly,556
hollymadisonparsedthreedigits,557
home,558
homecoming,559
homes,560
homework,561
honey,562
hook,563
hope,564
hoping,565
host,566
hot,567
hours,568
house,569
how,570
however,571
http,572
hub,573
hug,574
huge,575
huhuu,576
human,577
hungry,578
hurting,579
hurts,580
iamthemob,581
ice,582
idea,583
idk,584
if,585
ignore,586
ignoring,587
ill,588
illscarlett,589
im,590
ima,591
imagine,592
imisss,593
impression,594
in,595
incredible,596
indoor,597
indraputra,598
instead,599
interesting,600
into,601
invite,602
involved,603
iowacodecamp,604
iphone,605
iphones,606
iraq,607
is,608
isaiah,609
isn,610
isotopp,611
issues,612
it,613
its,614
itsmebadgley,615
jackieloi,616
jackson,617
jagzparsedthreedigits,618
jake_diparsedthreedigits,619
jakieeeparsedtwodigits,620
janemcmurry,621
japanese,622
jaronmc,623
jasonmparsedthreedigits,624
jawshoouh,625
jaxsk,626
jeaninedeal,627
jefftimmonsparsedtwodigits,628
jessybr,629
jesus,630
jkgirlalltheway,631
job,632
joe,633
joejonasloverxo,634
johnny,635
johnnyparsedthreedigits,636
johnthornhill,637
joining,638
jordanknight,639
journey,640
jparsedonedigitzi,641
just,642
karinkydink,643
kat,644
katecooperowen,645
kc,646
kebab,647
keema,648
keep,649
kentruff,650
keyboard,651
kieronrichardso,652
kinakabahan,653
kindasleepy,654
kinds,655
knees,656
knew,657
know,658
knows,659
kokeshi_me,660
la,661
lack,662
lady,663
lagi,664
lalasarah,665
laptop,666
last,667
later,668
learn,669
lease,670
least,671
leave,672
leeconti,673
left,674
leg,675
lesliellyn,676
less,677
let,678
lets,679
lexy,680
librivoxateers,681
life,682
lifted,683
like,684
liked,685
lil,686
lisa,687
list,688
listen,689
little,690
littleliverbird,691
live,692
lives,693
ll,694
lloyddavis,695
lmao,696
lnk,697
lol,698
lols,699
long,700
loo,701
look,702
looking,703
looks,704
lookyparsedonedigit,705
lose,706
loss,707
lost,708
lot,709
love,710
loved,711
lovely,712
loves,713
loveu,714
loveya,715
lparsedonedigitr,716
lt,717
lub,718
lucy,719
lunchenda,720
lunches,721
luv,722
lxvrp,723
ly,724
lyphpcp,725
ma,726
mad,727
madd,728
made,729
maggagyal,730
make,731
makemeupparsedtwodigits,732
makes,733
man,734
mandyjiroux,735
mango,736
many,737
march,738
marcoshaw,739
marionette,740
marketable,741
markkayeshow,742
marvetbritto,743
mary,744
massive,745
mattchewcorpuz,746
matter,747
may,748
maybe,749
mbp,750
me,751
mean,752
meaning,753
meet,754
melsieparsedtwodigits,755
memory,756
men,757
mess,758
mheadcase,759
michael,760
michaelmagical,761
michigan,762
midnight,763
might,764
miles,765
millajovovich,766
million,767
mind,768
minute,769
mircea_popescu,770
miss,771
missing,772
missy,773
mister,774
mitchelmusso,775
mitchyparsedfourdigits,776
mmm,777
mobileme,778
moderator,779
moegreeb,780
momma,781
money,782
months,783
monthsary,784
montreat,785
mood,786
more,787
mornin,788
morning,789
morriscat,790
most,791
mother,792
motorcycle,793
mouth,794
movies,795
ms,796
much,797
multitasking,798
muscle,799
music,800
musicgirlparsedthreedigits,801
mx,802
my,803
myloc,804
myprivatemuse,805
myself,806
myspace,807
name,808
named,809
natalie,810
natassiachloe,811
natta,812
nbc,813
need,814
nephews,815
never,816
new,817
news,818
neww,819
next,820
nic_a_,821
nice,822
nicely,823
nieanadya,824
niece,825
night,826
nightly,827
nikon,828
nkotb,829
nl,830
no,831
nongling,832
not,833
note,834
nothin,835
nothing,836
noticed,837
now,838
nparsedtwodigitsmz,839
number,840
obama,841
of,842
off,843
offers,844
office,845
officially,846
oh,847
ok,848
okay,849
okokok,850
old,851
olds,852
omegle,853
omg,854
on,855
one,856
ones,857
online,858
only,859
onto,860
oowarai,861
open,862
opened,863
opinion,864
opinions,865
or,866
orange,867
ordered,868
orinoco,869
oritsuru,870
orphan,871
orphesteude,872
oth,873
other,874
our,875
ourselves,876
out,877
outfits,878
outlet,879
outside,880
outta,881
over,882
own,883
owwwieee,884
oz,885
pace,886
packed,887
packing,888
page,889
pants,890
paper,891
parallel,892
parents,893
parseddigits,894
parseddigitsth,895
parsedfivedigits,896
parsedfourdigits,897
parsedonedigit,898
parsedonedigitam,899
parsedonedigitap,900
parsedonedigitbparseddigitszm,901
parsedonedigitdparseddigitsoparsedtwodigits,902
parsedonedigitg,903
parsedonedigitgmicrocell,904
parsedonedigitgparseddigitshq,905
parsedonedigitgs,906
parsedonedigithgvt,907
parsedonedigitimggm,908
parsedonedigitkkvli,909
parsedonedigitmorrow,910
parsedonedigitpm,911
parsedonedigitpopetorn,912
parsedonedigitwxparsedonedigitp,913
parsedthreedigits,914
parsedtime,915
parsedtwodigits,916
parsedtwodigitsbparsedthreedigits,917
parsedtwodigitscdnparsedonedigit,918
parsedtwodigitsmparseddigits,919
parsedtwodigitswaparsedonedigit,920
parts,921
passes,922
past,923
peanut,924
people,925
perfect,926
periodd,927
person,928
perzonally,929
pex,930
pfshhh,931
phd,932
philippines,933
phone,934
photo,935
photojazz,936
photos,937
pic,938
picked,939
picking,940
picturee,941
pictures,942
piece,943
pieces,944
pirate,945
pita,946
place,947
play,948
playing,949
please,950
plurk,951
podcast,952
point,953
popular,954
post,955
poster,956
potter,957
pr,958
pr_things,959
present,960
pretty,961
pro,962
problems,963
processing,964
professor,965
proposal,966
proud,967
pshhh,968
psparsedonedigit,969
pumpkin,970
punching,971
pupp,972
purple,973
pusuit,974
puts,975
putting,976
qoo,977
qtt,978
queenmotherblog,979
quick,980
quit,981
rain,982
rajeshlalwani,983
ran,984
rawr,985
rdangelz,986
re,987
read,988
reading,989
ready,990
real,991
realbrookewhite,992
realized,993
really,994
recommend,995
record,996
red,997
reduction,998
registration,999
reikiawakening,1000
related,1001
relaxing,1002
reminded,1003
reply,1004
reported,1005
republicans,1006
resolution,1007
rest,1008
restaurant,1009
restore,1010
returnn,1011
rid,1012
ridden,1013
right,1014
rillz,1015
rings,1016
ripped,1017
ririardana,1018
risk,1019
roars,1020
roasted,1021
robertgirandola,1022
rock,1023
rt,1024
rubyurl,1025
run,1026
rush,1027
s_lesley,1028
sad,1029
said,1030
salesquotes,1031
same,1032
sand,1033
saradawwgs_,1034
sarah,1035
saramadison,1036
saw,1037
say,1038
says,1039
sb,1040
scalp,1041
scared,1042
scenery,1043
school,1044
sea,1045
second,1046
see,1047
seen,1048
sell,1049
seriously,1050
settled,1051
shakey,1052
shaking,1053
shares,1054
sharing,1055
she,1056
shed,1057
shinny,1058
ship,1059
shirt,1060
shit,1061
shitttt,1062
shitty,1063
shoot,1064
shot,1065
should,1066
shoulders,1067
shouldn,1068
show,1069
shower,1070
showing,1071
shows,1072
si,1073
sick,1074
side,1075
signed,1076
signs,1077
sim,1078
sing,1079
sinking,1080
sis,1081
sit,1082
sitting,1083
skillet,1084
skills,1085
skype,1086
sleep,1087
sleeping,1088
slept,1089
slightly,1090
slr,1091
sm,1092
smaller,1093
smart,1094
smelling,1095
smh,1096
smile,1097
smiths,1098
smojica,1099
smoke,1100
smoking,1101
snapped,1102
snbz,1103
sniffling,1104
snsd,1105
so,1106
soaking,1107
soccer,1108
social,1109
solobassteve,1110
solved,1111
some,1112
someday,1113
someone,1114
somethin,1115
something,1116
somewhere,1117
songs,1118
soon,1119
sooo,1120
soooo,1121
sooooo,1122
sore,1123
sorry,1124
sort,1125
sounds,1126
soundtrack,1127
space,1128
spam,1129
spare,1130
special,1131
specialist,1132
spell,1133
spending,1134
spent,1135
spiceee,1136
splinter,1137
sports,1138
stalker,1139
start,1140
started,1141
state,1142
stay,1143
steamy,1144
still,1145
stimulates,1146
stop,1147
strawberries,1148
street,1149
stress,1150
strong,1151
stuck,1152
student,1153
stuff,1154
stupidd,1155
stylish,1156
subject,1157
subway,1158
such,1159
sumbody,1160
summer,1161
sunburned,1162
sunday,1163
sunnysiide,1164
sunshine,1165
supports,1166
surprisingly,1167
surraoundings,1168
suuurrrrrreeee,1169
sweetener,1170
swimming,1171
swine,1172
syncs,1173
tackle,1174
tail,1175
taiwanfloods,1176
take,1177
taking,1178
talented,1179
talk,1180
talkin,1181
talking,1182
tamsterparsedfourdigits,1183
tara,1184
tass,1185
tattoo,1186
taylor,1187
tcot,1188
te,1189
teacher,1190
team,1191
tear,1192
technology,1193
techs,1194
telling,1195
tep,1196
terrible,1197
test,1198
tested,1199
testing,1200
text,1201
than,1202
thank,1203
thanks,1204
thanksgiving,1205
thankss,1206
that,1207
thats,1208
the,1209
thebeadgirl,1210
thee,1211
their,1212
them,1213
then,1214
there,1215
therezzza,1216
these,1217
thesethreecities,1218
thesnarkyone,1219
they,1220
things,1221
think,1222
thinks,1223
third,1224
this,1225
thompson,1226
though,1227
thought,1228
through,1229
throwing,1230
thx,1231
til,1232
till,1233
tim,1234
time,1235
times,1236
tinyurl,1237
tired,1238
to,1239
today,1240
toddlers,1241
tofu,1242
together,1243
toh,1244
told,1245
tom,1246
tommcfly,1247
tomorrow,1248
tonight,1249
too,1250
tooth,1251
top,1252
tough,1253
tour,1254
town,1255
tqjonesparsedtwodigits,1256
trail,1257
transferred,1258
transformers,1259
trelljj,1260
tried,1261
triggered,1262
trip,1263
trips,1264
true,1265
try,1266
tumblr,1267
tummy,1268
tuna,1269
turn,1270
turns,1271
tweamburke,1272
twit,1273
twitgoo,1274
twitpic,1275
twitter,1276
two,1277
twurl,1278
typhoon,1279
ugh,1280
ughh,1281
uhm,1282
uk,1283
unbelievable,1284
underpaid,1285
unfortunately,1286
until,1287
up,1288
updating,1289
ur,1290
us,1291
usa,1292
use,1293
used,1294
uselessly,1295
users,1296
using,1297
usually,1298
values,1299
vbrissaparsedtwodigits,1300
ve,1301
veggies,1302
very,1303
via,1304
vickiheyworth,1305
vid,1306
video,1307
vinilereu,1308
vino,1309
violetposy,1310
vitamin,1311
vnparsedonedigitni,1312
voice,1313
voorhout,1314
vt,1315
wah,1316
wait,1317
waiting,1318
wak,1319
walking,1320
wallpaper,1321
walls,1322
wanna,1323
want,1324
wanted,1325
war,1326
was,1327
wasn,1328
watch,1329
watching,1330
way,1331
we,1332
wearing,1333
weddings,1334
week,1335
weekend,1336
weeks,1337
weight,1338
weird,1339
well,1340
wen,1341
went,1342
were,1343
weren,1344
westparsedtwodigits,1345
wet,1346
what,1347
whee,1348
when,1349
whenever,1350
while,1351
white,1352
whitecoat,1353
who,1354
whole,1355
whore,1356
whos,1357
why,1358
wifi,1359
wig,1360
wild,1361
will,1362
win,1363
wind,1364
windmill,1365
windows,1366
wings,1367
winnipeg,1368
wireless,1369
wisdom,1370
wish,1371
wishing,1372
with,1373
woh,1374
woke,1375
wolowitz,1376
won,1377
wonderful,1378
wood,1379
woooohhhoooo,1380
woooooooot,1381
woooot,1382
wore,1383
work,1384
working,1385
workk,1386
world,1387
worse,1388
worth,1389
would,1390
wow,1391
wrap,1392
wtf,1393
wtff,1394
wuzzup,1395
www,1396
xkathyxtarax,1397
xo,1398
xoxo,1399
xpr,1400
xspparsedonedigitrhparsedtwodigitsd,1401
xueparsedonedigittntparsedonedigitq,1402
xxxx,1403
ya,1404
yams,1405
yarn,1406
yay,1407
yea,1408
yeah,1409
yeahh,1410
year,1411
years,1412
yec,1413
yellowduckx,1414
yep,1415
yes,1416
yeshh,1417
yet,1418
yhfparsedonedigittjs,1419
ykoparsedonedigitdzg,1420
yo,1421
you,1422
your,1423
yu,1424
yum,1425
yup,1426
yuppp,1427
zbussey,1428
ze,1429
zen,1430
zgtdz,1431
zsa,1432
Ãµddd,1433
